{
  "accuracy_top1": 85.83333333333333,
  "accuracy_top2": 94.66666666666667,
  "confusion_matrix": [
    [
      212,
      23,
      17,
      48
    ],
    [
      7,
      261,
      3,
      29
    ],
    [
      5,
      5,
      264,
      26
    ],
    [
      1,
      1,
      5,
      293
    ]
  ],
  "per_class": [
    {
      "TP": 212,
      "FP": 13,
      "FN": 88,
      "TN": 887,
      "precision": 0.9422222222222222,
      "recall": 0.7066666666666667,
      "f1": 0.8076190476190476,
      "class_accuracy": 0.9158333333333334
    },
    {
      "TP": 261,
      "FP": 29,
      "FN": 39,
      "TN": 871,
      "precision": 0.9,
      "recall": 0.87,
      "f1": 0.8847457627118644,
      "class_accuracy": 0.9433333333333334
    },
    {
      "TP": 264,
      "FP": 25,
      "FN": 36,
      "TN": 875,
      "precision": 0.9134948096885813,
      "recall": 0.88,
      "f1": 0.8964346349745331,
      "class_accuracy": 0.9491666666666667
    },
    {
      "TP": 293,
      "FP": 103,
      "FN": 7,
      "TN": 797,
      "precision": 0.73989898989899,
      "recall": 0.9766666666666667,
      "f1": 0.8419540229885059,
      "class_accuracy": 0.9083333333333333
    }
  ],
  "macro": {
    "precision": 0.8739040054524484,
    "recall": 0.8583333333333333,
    "f1": 0.8576883670734878
  },
  "micro": {
    "precision": 0.8583333333333333,
    "recall": 0.8583333333333333,
    "f1": 0.8583333333333333
  }
}