{
  "accuracy_top1": 72.25,
  "accuracy_top2": 89.16666666666667,
  "confusion_matrix": [
    [
      76,
      45,
      165,
      14
    ],
    [
      3,
      283,
      11,
      3
    ],
    [
      1,
      9,
      289,
      1
    ],
    [
      0,
      27,
      54,
      219
    ]
  ],
  "per_class": [
    {
      "TP": 76,
      "FP": 4,
      "FN": 224,
      "TN": 896,
      "precision": 0.95,
      "recall": 0.25333333333333335,
      "f1": 0.39999999999999997,
      "class_accuracy": 0.81
    },
    {
      "TP": 283,
      "FP": 81,
      "FN": 17,
      "TN": 819,
      "precision": 0.7774725274725275,
      "recall": 0.9433333333333334,
      "f1": 0.8524096385542169,
      "class_accuracy": 0.9183333333333333
    },
    {
      "TP": 289,
      "FP": 230,
      "FN": 11,
      "TN": 670,
      "precision": 0.5568400770712909,
      "recall": 0.9633333333333334,
      "f1": 0.7057387057387057,
      "class_accuracy": 0.7991666666666667
    },
    {
      "TP": 219,
      "FP": 18,
      "FN": 81,
      "TN": 882,
      "precision": 0.9240506329113924,
      "recall": 0.73,
      "f1": 0.8156424581005587,
      "class_accuracy": 0.9175
    }
  ],
  "macro": {
    "precision": 0.8020908093638027,
    "recall": 0.7225,
    "f1": 0.6934477005983704
  },
  "micro": {
    "precision": 0.7225,
    "recall": 0.7225,
    "f1": 0.7225
  }
}