{
  "accuracy_top1": 70.08333333333333,
  "accuracy_top2": 84.58333333333333,
  "confusion_matrix": [
    [
      219,
      31,
      8,
      42
    ],
    [
      12,
      262,
      1,
      25
    ],
    [
      62,
      29,
      96,
      113
    ],
    [
      14,
      16,
      6,
      264
    ]
  ],
  "per_class": [
    {
      "TP": 219,
      "FP": 88,
      "FN": 81,
      "TN": 812,
      "precision": 0.7133550488599348,
      "recall": 0.73,
      "f1": 0.7215815485996705,
      "class_accuracy": 0.8591666666666666
    },
    {
      "TP": 262,
      "FP": 76,
      "FN": 38,
      "TN": 824,
      "precision": 0.7751479289940828,
      "recall": 0.8733333333333333,
      "f1": 0.8213166144200627,
      "class_accuracy": 0.905
    },
    {
      "TP": 96,
      "FP": 15,
      "FN": 204,
      "TN": 885,
      "precision": 0.8648648648648649,
      "recall": 0.32,
      "f1": 0.46715328467153283,
      "class_accuracy": 0.8175
    },
    {
      "TP": 264,
      "FP": 180,
      "FN": 36,
      "TN": 720,
      "precision": 0.5945945945945946,
      "recall": 0.88,
      "f1": 0.7096774193548386,
      "class_accuracy": 0.82
    }
  ],
  "macro": {
    "precision": 0.7369906093283694,
    "recall": 0.7008333333333333,
    "f1": 0.6799322167615262
  },
  "micro": {
    "precision": 0.7008333333333333,
    "recall": 0.7008333333333333,
    "f1": 0.7008333333333333
  }
}